<?xml version="1.0" encoding="utf-8" ?>
<!-- wm persistenter settings file -->
<FWPropertyManager>
        <Item id="0">
            <!-- Special cased id to ensure it is always at the top-->
            <Item id="id" value="ePTKWPageWatermark_None"/>
            <Item id="label" value="$IDS_NONE;"/>
            <Item id="colour" value="#808080"/>
            <Item id="fontname" value=""/>
            <Item id="fontstyle" value="Regular"/>
            <Item id="fontsize" value="72"/>
            <Item id="angle" value="0"/>
            <Item id="positionX" value="C"/>
            <Item id="positionY" value="C"/>
            <Item id="printStyle" value="Solid"/>
            <Item id="type" value="Text"/>
            <Item id="transparency">
                <Item id="intensity" value="0"/>
             </Item>
            <Item id="value" value="0"/>

          <Item id="DefaultSetting">
                 <Item id="label" value="$IDS_NONE;"/>
                 <Item id="colour" value="#808080"/>
                 <Item id="fontname" value=""/>
                 <Item id="fontstyle" value="Regular"/>
                 <Item id="fontsize" value="72"/>
                 <Item id="angle" value="0"/>
                 <Item id="positionX" value="C"/>
                 <Item id="positionY" value="C"/>
                 <Item id="printStyle" value="Solid"/>
                 <Item id="type" value="Text"/>
                 <Item id="transparency">
                     <Item id="intensity" value="0"/>
                 </Item>
                 <Item id="value" value="0"/>
          </Item>
             
        </Item>
        <Item id="1">
            <Item id="label" value="$IDS_WM_TOPSECRET;"/>
            <Item id="colour" value="#808080"/>
            <Item id="fontname" value=""/>
            <Item id="fontstyle" value="Regular"/>
            <Item id="fontsize" value="72"/>
            <Item id="angle" value="52"/>
            <Item id="positionX" value="C"/>
            <Item id="positionY" value="C"/>
            <Item id="printStyle" value="Solid"/>
            <Item id="type" value="Text"/>
            <Item id="value" value="1"/>
            
            <Item id="DefaultSetting">
                <Item id="label" value="$IDS_WM_TOPSECRET;"/>
                <Item id="colour" value="#808080"/>
                <Item id="fontname" value=""/>
                <Item id="fontstyle" value="Regular"/>
                <Item id="fontsize" value="72"/>
                <Item id="angle" value="52"/>
                <Item id="positionX" value="C"/>
                <Item id="positionY" value="C"/>
                <Item id="printStyle" value="Solid"/>
                <Item id="type" value="Text"/>
                <Item id="value" value="1"/>
            </Item>

        </Item>
        <Item id="2">
            <Item id="label" value="$IDS_WM_CONFIDENTIAL;"/>
            <Item id="colour" value="#808080"/>        
            <Item id="fontname" value=""/>
            <Item id="fontstyle" value="Regular"/>
            <Item id="fontsize" value="72"/>   
            <Item id="angle" value="54"/>
            <Item id="positionX" value="C"/>
            <Item id="positionY" value="C"/>
            <Item id="printStyle" value="Solid"/>
            <Item id="type" value="Text"/>
            <Item id="value" value="2"/>
            
            <Item id="DefaultSetting">
                <Item id="label" value="$IDS_WM_CONFIDENTIAL;"/>
                <Item id="colour" value="#808080"/>
                <Item id="fontname" value=""/>
                <Item id="fontstyle" value="Regular"/>
                <Item id="fontsize" value="72"/>
                <Item id="angle" value="54"/>
                <Item id="positionX" value="C"/>
                <Item id="positionY" value="C"/>
                <Item id="printStyle" value="Solid"/>
                <Item id="type" value="Text"/>
                <Item id="value" value="2"/>
            </Item>
            
        </Item>
        <Item id="3">
            <Item id="label" value="$IDS_WM_DRAFT;"/>
            <Item id="colour" value="#808080"/>
            <Item id="fontname" value=""/>
            <Item id="fontstyle" value="Regular"/>
            <Item id="fontsize" value="72"/>
            <Item id="angle" value="45"/>
            <Item id="positionX" value="C"/>
            <Item id="positionY" value="C"/>
            <Item id="printStyle" value="Solid"/>
            <Item id="type" value="Text"/>
            <Item id="value" value="3"/>

            <Item id="DefaultSetting">
                <Item id="label" value="$IDS_WM_DRAFT;"/>
                <Item id="colour" value="#808080"/>
                <Item id="fontname" value=""/>
                <Item id="fontstyle" value="Regular"/>
                <Item id="fontsize" value="72"/>
                <Item id="angle" value="45"/>
                <Item id="positionX" value="C"/>
                <Item id="positionY" value="C"/>
                <Item id="printStyle" value="Solid"/>
                <Item id="type" value="Text"/>
                <Item id="value" value="3"/>
            </Item>
        </Item>
        <Item id="4">
            <Item id="label" value="$IDS_WM_ORIGINAL;"/>
            <Item id="colour" value="#808080"/>
            <Item id="fontname" value=""/>
            <Item id="fontstyle" value="Regular"/>
            <Item id="fontsize" value="72"/>
            <Item id="angle" value="45"/>
            <Item id="positionX" value="C"/>
            <Item id="positionY" value="C"/>
            <Item id="printStyle" value="Solid"/>
            <Item id="type" value="Text"/>
            <Item id="value" value="4"/>

            <Item id="DefaultSetting">
                <Item id="label" value="$IDS_WM_ORIGINAL;"/>
                <Item id="colour" value="#808080"/>
                <Item id="fontname" value=""/>
                <Item id="fontstyle" value="Regular"/>
                <Item id="fontsize" value="72"/>
                <Item id="angle" value="45"/>
                <Item id="positionX" value="C"/>
                <Item id="positionY" value="C"/>
                <Item id="printStyle" value="Solid"/>
                <Item id="type" value="Text"/>
                <Item id="value" value="4"/>
            </Item>
        </Item>
        <Item id="5">
            <Item id="label" value="$IDS_WM_COPY;"/>
            <Item id="colour" value="#808080"/>
            <Item id="fontname" value=""/>
            <Item id="fontstyle" value="Regular"/>
            <Item id="fontsize" value="72"/>
            <Item id="angle" value="45"/>
            <Item id="positionX" value="C"/>
            <Item id="positionY" value="C"/>
            <Item id="printStyle" value="Solid"/>
            <Item id="type" value="Text"/>
            <Item id="value" value="5"/>

            <Item id="DefaultSetting">
                <Item id="label" value="$IDS_WM_COPY;"/>
                <Item id="colour" value="#808080"/>
                <Item id="fontname" value=""/>
                <Item id="fontstyle" value="Regular"/>
                <Item id="fontsize" value="72"/>
                <Item id="angle" value="45"/>
                <Item id="positionX" value="C"/>
                <Item id="positionY" value="C"/>
                <Item id="printStyle" value="Solid"/>
                <Item id="type" value="Text"/>
                <Item id="value" value="5"/>
            </Item>
        </Item>
        <Item id="6">
            <Item id="stylename" value="$IDS_CMB_DATETIME;"/>
            <Item id="label" value="%DateYYMMDD% %TimeStd%"/>
            <Item id="colour" value="#808080"/>
            <Item id="fontname" value=""/>
            <Item id="fontstyle" value="Regular"/>
            <Item id="fontsize" value="12"/>
            <Item id="angle" value="0"/>
            <Item id="positionX" value="R"/>
            <Item id="positionY" value="U"/>
            <Item id="printStyle" value="Solid"/>
            <Item id="type" value="DateTime"/>
            <Item id="value" value="6"/>

            <Item id="DefaultSetting">
                <Item id="stylename" value="$IDS_CMB_DATETIME;"/>
                <Item id="label" value="%DateYYMMDD% %TimeStd%"/>
                <Item id="colour" value="#808080"/>
                <Item id="fontname" value=""/>
                <Item id="fontstyle" value="Regular"/>
                <Item id="fontsize" value="12"/>
                <Item id="angle" value="0"/>
                <Item id="positionX" value="R"/>
                <Item id="positionY" value="U"/>
                <Item id="printStyle" value="Solid"/>
                <Item id="type" value="DateTime"/>
                <Item id="value" value="6"/>
            </Item>
        </Item>
</FWPropertyManager>
