<?xml version="1.0" encoding="utf-8" ?>
<FWPropertyManager>
    <Item id="EX-BP">
        <Item id="ModelNumber" value="EX-BP"/>
        <Item id="Drawer1_PaperSize" value="A4"/>
        <Item id="Drawer1_PaperType" value="Plain"/>
        <Item id="Drawer1_Attribute" value="None"/>
        <Item id="Drawer2_PaperSize" value="A4"/>
        <Item id="Drawer2_PaperType" value="Plain"/>
        <Item id="Drawer2_Attribute" value="None"/>
        <Item id="Drawer3_PaperSize" value="A4"/>
        <Item id="Drawer3_PaperType" value="Plain"/>
        <Item id="Drawer3_Attribute" value="None"/>
        <Item id="Drawer4_PaperSize" value="A4"/>
        <Item id="Drawer4_PaperType" value="Plain"/>
        <Item id="Drawer4_Attribute" value="None"/>
        <Item id="LCF_PaperSize" value="A4"/>
        <Item id="LCF_PaperType" value="Plain"/>
        <Item id="LCF_Attribute" value="None"/>
        <Item id="ExternalLCF_PaperSize" value="A4"/>
        <Item id="ExternalLCF_PaperType" value="Plain"/>
        <Item id="ExternalLCF_Attribute" value="None"/>
        <Item id="Bypass_PaperType" value="Plain"/>
        <Item id="Bypass_Attribute" value="None"/>
        <Item id="OverrideDPS" value="False"/>
    </Item>
    <Item id="Shasta">
        <Item id="ModelNumber" value="Shasta"/>
        <Item id="Drawer1_PaperSize" value="A4"/>
        <Item id="Drawer1_PaperType" value="Plain"/>
        <Item id="Drawer1_Attribute" value="None"/>
        <Item id="Drawer2_PaperSize" value="A4"/>
        <Item id="Drawer2_PaperType" value="Plain"/>
        <Item id="Drawer2_Attribute" value="None"/>
        <Item id="Drawer3_PaperSize" value="A4"/>
        <Item id="Drawer3_PaperType" value="Plain"/>
        <Item id="Drawer3_Attribute" value="None"/>
        <Item id="Drawer4_PaperSize" value="A4"/>
        <Item id="Drawer4_PaperType" value="Plain"/>
        <Item id="Drawer4_Attribute" value="None"/>
        <Item id="LCF_PaperSize" value="A4"/>
        <Item id="LCF_PaperType" value="Plain"/>
        <Item id="LCF_Attribute" value="None"/>
        <Item id="ExternalLCF_PaperSize" value="A4"/>
        <Item id="ExternalLCF_PaperType" value="Plain"/>
        <Item id="ExternalLCF_Attribute" value="None"/>
        <Item id="ExternalLCF2_PaperSize" value="A4"/>
        <Item id="ExternalLCF2_PaperType" value="Plain"/>
        <Item id="ExternalLCF2_Attribute" value="None"/>
        <Item id="Bypass_PaperType" value="Plain"/>
        <Item id="Bypass_Attribute" value="None"/>
        <Item id="OverrideDPS" value="False"/>
    </Item>
    <Item id="EX-MASH">
        <Item id="ModelNumber" value="EX-MASH"/>
        <Item id="Drawer1_PaperSize" value="A4"/>
        <Item id="Drawer1_PaperType" value="Plain"/>
        <Item id="Drawer1_Attribute" value="None"/>
        <Item id="Drawer2_PaperSize" value="A4"/>
        <Item id="Drawer2_PaperType" value="Plain"/>
        <Item id="Drawer2_Attribute" value="None"/>
        <Item id="Drawer3_PaperSize" value="A4"/>
        <Item id="Drawer3_PaperType" value="Plain"/>
        <Item id="Drawer3_Attribute" value="None"/>
        <Item id="Drawer4_PaperSize" value="A4"/>
        <Item id="Drawer4_PaperType" value="Plain"/>
        <Item id="Drawer4_Attribute" value="None"/>
        <Item id="LCF_PaperSize" value="A4"/>
        <Item id="LCF_PaperType" value="Plain"/>
        <Item id="LCF_Attribute" value="None"/>
        <Item id="ExternalLCF_PaperSize" value="A4"/>
        <Item id="ExternalLCF_PaperType" value="Plain"/>
        <Item id="ExternalLCF_Attribute" value="None"/>
        <Item id="Bypass_PaperType" value="Plain"/>
        <Item id="Bypass_Attribute" value="None"/>
        <Item id="OverrideDPS" value="False"/>
    </Item>
    <Item id="EX-LOIRE">
        <Item id="ModelNumber" value="EX-LOIRE"/>
        <Item id="Drawer1_PaperSize" value="A4"/>
        <Item id="Drawer1_PaperType" value="Plain"/>
        <Item id="Drawer1_Attribute" value="None"/>
        <Item id="Drawer2_PaperSize" value="A4"/>
        <Item id="Drawer2_PaperType" value="Plain"/>
        <Item id="Drawer2_Attribute" value="None"/>
        <Item id="Drawer3_PaperSize" value="A4"/>
        <Item id="Drawer3_PaperType" value="Plain"/>
        <Item id="Drawer3_Attribute" value="None"/>
        <Item id="Drawer4_PaperSize" value="A4"/>
        <Item id="Drawer4_PaperType" value="Plain"/>
        <Item id="Drawer4_Attribute" value="None"/>
        <Item id="LCF_PaperSize" value="A4"/>
        <Item id="LCF_PaperType" value="Plain"/>
        <Item id="LCF_Attribute" value="None"/>
        <Item id="ExternalLCF_PaperSize" value="A4"/>
        <Item id="ExternalLCF_PaperType" value="Plain"/>
        <Item id="ExternalLCF_Attribute" value="None"/>
        <Item id="Bypass_PaperType" value="Plain"/>
        <Item id="Bypass_Attribute" value="None"/>
        <Item id="OverrideDPS" value="False"/>
    </Item>
    <Item id="Caspian">
        <Item id="ModelNumber" value="Caspian"/>
        <Item id="Drawer1_PaperSize" value="A4"/>
        <Item id="Drawer1_PaperType" value="Plain"/>
        <Item id="Drawer1_Attribute" value="None"/>
        <Item id="Drawer2_PaperSize" value="A4"/>
        <Item id="Drawer2_PaperType" value="Plain"/>
        <Item id="Drawer2_Attribute" value="None"/>
        <Item id="Drawer3_PaperSize" value="A4"/>
        <Item id="Drawer3_PaperType" value="Plain"/>
        <Item id="Drawer3_Attribute" value="None"/>
        <Item id="Drawer4_PaperSize" value="A4"/>
        <Item id="Drawer4_PaperType" value="Plain"/>
        <Item id="Drawer4_Attribute" value="None"/>
        <Item id="LCF_PaperSize" value="A4"/>
        <Item id="LCF_PaperType" value="Plain"/>
        <Item id="LCF_Attribute" value="None"/>
        <Item id="ExternalLCF_PaperSize" value="A4"/>
        <Item id="ExternalLCF_PaperType" value="Plain"/>
        <Item id="ExternalLCF_Attribute" value="None"/>
        <Item id="Bypass_PaperType" value="Plain"/>
        <Item id="Bypass_Attribute" value="None"/>
        <Item id="OverrideDPS" value="False"/>
    </Item>
    <Item id="Reuss">
        <Item id="ModelNumber" value="Reuss"/>
        <Item id="Drawer1_PaperSize" value="A4"/>
        <Item id="Drawer1_PaperType" value="Plain"/>
        <Item id="Drawer1_Attribute" value="None"/>
        <Item id="Drawer2_PaperSize" value="A4"/>
        <Item id="Drawer2_PaperType" value="Plain"/>
        <Item id="Drawer2_Attribute" value="None"/>
        <Item id="Drawer3_PaperSize" value="A4"/>
        <Item id="Drawer3_PaperType" value="Plain"/>
        <Item id="Drawer3_Attribute" value="None"/>
        <Item id="Drawer4_PaperSize" value="A4"/>
        <Item id="Drawer4_PaperType" value="Plain"/>
        <Item id="Drawer4_Attribute" value="None"/>
        <Item id="LCF_PaperSize" value="A4"/>
        <Item id="LCF_PaperType" value="Plain"/>
        <Item id="LCF_Attribute" value="None"/>
        <Item id="ExternalLCF_PaperSize" value="A4"/>
        <Item id="ExternalLCF_PaperType" value="Plain"/>
        <Item id="ExternalLCF_Attribute" value="None"/>
        <Item id="Bypass_PaperType" value="Plain"/>
        <Item id="Bypass_Attribute" value="None"/>
        <Item id="OverrideDPS" value="False"/>
    </Item>
    <Item id="EX-ALABAMA">
        <Item id="ModelNumber" value="EX-ALABAMA"/>
        <Item id="Drawer1_PaperSize" value="A4"/>
        <Item id="Drawer1_PaperType" value="Plain"/>
        <Item id="Drawer1_Attribute" value="None"/>
        <Item id="Drawer2_PaperSize" value="A4"/>
        <Item id="Drawer2_PaperType" value="Plain"/>
        <Item id="Drawer2_Attribute" value="None"/>
        <Item id="Drawer3_PaperSize" value="A4"/>
        <Item id="Drawer3_PaperType" value="Plain"/>
        <Item id="Drawer3_Attribute" value="None"/>
        <Item id="Drawer4_PaperSize" value="A4"/>
        <Item id="Drawer4_PaperType" value="Plain"/>
        <Item id="Drawer4_Attribute" value="None"/>
        <Item id="LCF_PaperSize" value="A4"/>
        <Item id="LCF_PaperType" value="Plain"/>
        <Item id="LCF_Attribute" value="None"/>
        <Item id="ExternalLCF_PaperSize" value="A4"/>
        <Item id="ExternalLCF_PaperType" value="Plain"/>
        <Item id="ExternalLCF_Attribute" value="None"/>
        <Item id="Bypass_PaperType" value="Plain"/>
        <Item id="Bypass_Attribute" value="None"/>
        <Item id="OverrideDPS" value="False"/>
    </Item>
    <Item id="Shastina">
        <Item id="ModelNumber" value="Shastina"/>
        <Item id="Drawer1_PaperSize" value="A4"/>
        <Item id="Drawer1_PaperType" value="Plain"/>
        <Item id="Drawer1_Attribute" value="None"/>
        <Item id="Drawer2_PaperSize" value="A4"/>
        <Item id="Drawer2_PaperType" value="Plain"/>
        <Item id="Drawer2_Attribute" value="None"/>
        <Item id="Drawer3_PaperSize" value="A4"/>
        <Item id="Drawer3_PaperType" value="Plain"/>
        <Item id="Drawer3_Attribute" value="None"/>
        <Item id="Drawer4_PaperSize" value="A4"/>
        <Item id="Drawer4_PaperType" value="Plain"/>
        <Item id="Drawer4_Attribute" value="None"/>
        <Item id="LCF_PaperSize" value="A4"/>
        <Item id="LCF_PaperType" value="Plain"/>
        <Item id="LCF_Attribute" value="None"/>
        <Item id="ExternalLCF_PaperSize" value="A4"/>
        <Item id="ExternalLCF_PaperType" value="Plain"/>
        <Item id="ExternalLCF_Attribute" value="None"/>
        <Item id="ExternalLCF2_PaperSize" value="A4"/>
        <Item id="ExternalLCF2_PaperType" value="Plain"/>
        <Item id="ExternalLCF2_Attribute" value="None"/>
        <Item id="Bypass_PaperType" value="Plain"/>
        <Item id="Bypass_Attribute" value="None"/>
        <Item id="OverrideDPS" value="False"/>
    </Item>
    <Item id="Weisshorn">
        <Item id="ModelNumber" value="Weisshorn"/>
        <Item id="Drawer1_PaperSize" value="A4"/>
        <Item id="Drawer1_PaperType" value="Plain"/>
        <Item id="Drawer1_Attribute" value="None"/>
        <Item id="Drawer2_PaperSize" value="A4"/>
        <Item id="Drawer2_PaperType" value="Plain"/>
        <Item id="Drawer2_Attribute" value="None"/>
        <Item id="Drawer3_PaperSize" value="A4"/>
        <Item id="Drawer3_PaperType" value="Plain"/>
        <Item id="Drawer3_Attribute" value="None"/>
        <Item id="Drawer4_PaperSize" value="A4"/>
        <Item id="Drawer4_PaperType" value="Plain"/>
        <Item id="Drawer4_Attribute" value="None"/>
        <Item id="LCF_PaperSize" value="A4"/>
        <Item id="LCF_PaperType" value="Plain"/>
        <Item id="LCF_Attribute" value="None"/>
        <Item id="ExternalLCF_PaperSize" value="A4"/>
        <Item id="ExternalLCF_PaperType" value="Plain"/>
        <Item id="ExternalLCF_Attribute" value="None"/>
        <Item id="Bypass_PaperType" value="Plain"/>
        <Item id="Bypass_Attribute" value="None"/>
        <Item id="OverrideDPS" value="False"/>
    </Item>
    <Item id="StHelens">
        <Item id="ModelNumber" value="StHelens"/>
        <Item id="Drawer1_PaperSize" value="A4"/>
        <Item id="Drawer1_PaperType" value="Plain"/>
        <Item id="Drawer1_Attribute" value="None"/>
        <Item id="Drawer2_PaperSize" value="A4"/>
        <Item id="Drawer2_PaperType" value="Plain"/>
        <Item id="Drawer2_Attribute" value="None"/>
        <Item id="Drawer3_PaperSize" value="A4"/>
        <Item id="Drawer3_PaperType" value="Plain"/>
        <Item id="Drawer3_Attribute" value="None"/>
        <Item id="Drawer4_PaperSize" value="A4"/>
        <Item id="Drawer4_PaperType" value="Plain"/>
        <Item id="Drawer4_Attribute" value="None"/>
        <Item id="LCF_PaperSize" value="A4"/>
        <Item id="LCF_PaperType" value="Plain"/>
        <Item id="LCF_Attribute" value="None"/>
        <Item id="ExternalLCF_PaperSize" value="A4"/>
        <Item id="ExternalLCF_PaperType" value="Plain"/>
        <Item id="ExternalLCF_Attribute" value="None"/>
        <Item id="Bypass_PaperType" value="Plain"/>
        <Item id="Bypass_Attribute" value="None"/>
        <Item id="OverrideDPS" value="False"/>
    </Item>
    <Item id="Mosel">
        <Item id="ModelNumber" value="Mosel"/>
        <Item id="Drawer1_PaperSize" value="A4"/>
        <Item id="Drawer1_PaperType" value="Plain"/>
        <Item id="Drawer1_Attribute" value="None"/>
        <Item id="Drawer2_PaperSize" value="A4"/>
        <Item id="Drawer2_PaperType" value="Plain"/>
        <Item id="Drawer2_Attribute" value="None"/>
        <Item id="Drawer3_PaperSize" value="A4"/>
        <Item id="Drawer3_PaperType" value="Plain"/>
        <Item id="Drawer3_Attribute" value="None"/>
        <Item id="Drawer4_PaperSize" value="A4"/>
        <Item id="Drawer4_PaperType" value="Plain"/>
        <Item id="Drawer4_Attribute" value="None"/>
        <Item id="LCF_PaperSize" value="A4"/>
        <Item id="LCF_PaperType" value="Plain"/>
        <Item id="LCF_Attribute" value="None"/>
        <Item id="ExternalLCF_PaperSize" value="A4"/>
        <Item id="ExternalLCF_PaperType" value="Plain"/>
        <Item id="ExternalLCF_Attribute" value="None"/>
        <Item id="Bypass_PaperType" value="Plain"/>
        <Item id="Bypass_Attribute" value="None"/>
        <Item id="OverrideDPS" value="False"/>
    </Item>
    <Item id="Matterhorn">
        <Item id="ModelNumber" value="Matterhorn"/>
        <Item id="Drawer1_PaperSize" value="A4"/>
        <Item id="Drawer1_PaperType" value="Plain"/>
        <Item id="Drawer1_Attribute" value="None"/>
        <Item id="Drawer2_PaperSize" value="A4"/>
        <Item id="Drawer2_PaperType" value="Plain"/>
        <Item id="Drawer2_Attribute" value="None"/>
        <Item id="Drawer3_PaperSize" value="A4"/>
        <Item id="Drawer3_PaperType" value="Plain"/>
        <Item id="Drawer3_Attribute" value="None"/>
        <Item id="Drawer4_PaperSize" value="A4"/>
        <Item id="Drawer4_PaperType" value="Plain"/>
        <Item id="Drawer4_Attribute" value="None"/>
        <Item id="LCF_PaperSize" value="A4"/>
        <Item id="LCF_PaperType" value="Plain"/>
        <Item id="LCF_Attribute" value="None"/>
        <Item id="ExternalLCF_PaperSize" value="A4"/>
        <Item id="ExternalLCF_PaperType" value="Plain"/>
        <Item id="ExternalLCF_Attribute" value="None"/>
        <Item id="Bypass_PaperType" value="Plain"/>
        <Item id="Bypass_Attribute" value="None"/>
        <Item id="OverrideDPS" value="False"/>
    </Item>
    <Item id="Universal">
        <Item id="ModelNumber" value="Universal"/>
        <Item id="Drawer1_PaperSize" value="A4"/>
        <Item id="Drawer1_PaperType" value="Plain"/>
        <Item id="Drawer1_Attribute" value="None"/>
        <Item id="Drawer2_PaperSize" value="A4"/>
        <Item id="Drawer2_PaperType" value="Plain"/>
        <Item id="Drawer2_Attribute" value="None"/>
        <Item id="Drawer3_PaperSize" value="A4"/>
        <Item id="Drawer3_PaperType" value="Plain"/>
        <Item id="Drawer3_Attribute" value="None"/>
        <Item id="Drawer4_PaperSize" value="A4"/>
        <Item id="Drawer4_PaperType" value="Plain"/>
        <Item id="Drawer4_Attribute" value="None"/>
        <Item id="LCF_PaperSize" value="A4"/>
        <Item id="LCF_PaperType" value="Plain"/>
        <Item id="LCF_Attribute" value="None"/>
        <Item id="ExternalLCF_PaperSize" value="A4"/>
        <Item id="ExternalLCF_PaperType" value="Plain"/>
        <Item id="ExternalLCF_Attribute" value="None"/>
        <Item id="Bypass_PaperType" value="Plain"/>
        <Item id="Bypass_Attribute" value="None"/>
        <Item id="OverrideDPS" value="False"/>
    </Item>
</FWPropertyManager>
